N°;CODIGO INTERNO;DESCRIPCION;MARCA;MODELO ;SERIAL;COLOR;CANTIDAD EXISTENTE;UBICACIÓN;ESTADO DE USO, CONSERVACION Y MANTTO.;OBSERVACION;FECHA ADQUISICION;VALOR  S/LIBRO O FACTURA;UBICACIÓN2;SITIO  ;RESPONSABLE;
1;BNS-20000-0001-1;PORTA-MANCUERNAS;;;;BLANCO;2;GIMNASIO;REPARABLE;;;;;;;
2;BNS-20000-0002-1;DISCOS DE PESAS 2,5KG;;;;NEGRO;2;GIMNASIO;REPARABLE;;;;;;;
3;BNS-20000-0003-1;DISCOS DE PESAS 5 KG;;;;NEGRO;4;GIMNASIO;REPARABLE;;;;;;;
4;BNS-20000-0004-1;DISCOS DE PESAS 10 KG;H.M.S;;;NEGRO;6;GIMNASIO;REPARABLE;;;;;;;
5;BNS-20000-0005-1;DISCOS DE PESAS 20 KG;;;;NEGRO;14;GIMNASIO;REPARABLE;;;;;;;
6;BNS-20000-0006-1;MANCUERNAS 2,5KG;;;;NEGRO;4;GIMNASIO;REPARABLE;;;;;;;
7;BNS-20000-0007-1;MANCUERNAS 3,5KG;;;;NEGRO;1;GIMNASIO;REPARABLE;¡DESAPARECIDA!;;;;;;
8;BNS-20000-0008-1;MANCUERNAS 7,5KG;;;;NEGRO;2;GIMNASIO;REPARABLE;;;;;;;
9;BNS-20000-0009-1;BICICLETA SPINNING;A.M.C.D;3J2007-35;;BLANCO;3;GIMNASIO;REPARABLE;;;;;;;
10;BNS-20000-0010-1;PRESS BANCO INCLINADO;;;;BLANCO Y ROJO;1;GIMNASIO;REPARABLE;;;;;;;
11;BNS-20000-0011-1;ESCALADORA LIBRE;IRON MASTER;;;;3;GIMNASIO;REPARABLE;;;;;;;
12;BNS-20000-0012-1;MAQUINA PECK-DECK;;;;BLANCO;1;GIMNASIO;DAÑADO;;;;;;;
13;BNS-20000-0013-1;MAQUINA CURL FEMORAL ACOSTADO;IRON MASTER SPORT SYSTEM;;;BLANCO;1;GIMNASIO;REPARABLE;;;;;;;
14;BNS-20000-0014-1;PRESS BANCO PLANO;;;;BLANCO;1;GIMNASIO;REPARABLE;;;;;;;
15;BNS-20000-0015-1;MAQUINA MULTIFUERZA (REMO,JALÓN, PREDICADO);;;;BLANCO;1;GIMNASIO;REPARABLE;;;;;;;
16;BNS-20000-0016-1;BARRAS Z;;;;GRIS;2;GIMNASIO;OPERATIVO;;;;;;;
17;BNS-20000-0017-1;BARRAS OLIMPICAS;;;;GRIS;1;GIMNASIO;OPERATIVO;;;;;;;
18;BNS-20000-0018-1;PORTA DISCOS DE PESAS;IRON MASTER;;;BLANCO;2;GIMNASIO;OPERATIVA;;;;;;;
19;BNS-20000-0019-1;MAQUINA PRESS HOMBROS;;;;BLANCO Y ROJO;1;GIMNASIO;REPARABLE;;;;;;;
20;BNS-20000-0020-1;MAQUINA PRENSA ;;;;BLANCO;1;GIMNASIO;REPARABLE;;;;;;;
21;BNS-20000-0021-1;BANCO INDIVIDUAL;;;;;1;GIMNASIO;OPERATIVO;;;;;;;
22;BNS-20000-0022-1;PELOTA DE PILATES;;;;BEIGE;1;GIMNASIO;DAÑADO;¡DESAPARECIDA!;;;;;;
23;BNS-20000-0023-1;COLCHONETAS;;;;ROJO;6;GIMNASIO;OPERATIVO;5 OPERATIVAS Y 1 DAÑADA (NO ESTAN EN EL GIMNASIO);;;;;;
24;BNS-20000-0024-1;ESPEJOS;;;;;28;GIMNASIO;OPERATIVO;26 ESPEJOS ( 24 OPERATIVOS, 3 DAÑADOS Y 1 RAYADO);16/5/2014;7,500,00;;;;
25;BNS-20000-0025-1;PESO;;;;BLANCO;1;GIMNASIO;DAÑADO;;;;;;;
26;BNS-20000-0026-1;EXTENSOR CUADRICEPS LIBRE;IRON MASTER;;;BLANCO Y ROJO;1;GIMNASIO;REPARABLE;;;;;;;
27;BNS-20000-0027-1;MAQUINA DE ABDOMINALES;;;;GRIS;4;GIMNASIO;REPARABLE;;;;;;;
28;BNS-20000-0028-1;CAMINADORA;;;;;1;GIMNASIO;REPARABLE;;;;;;;
29;BNS-17000-0015-1;CARRO DE PERROS CALIENTES;;;;;1;GIMNASIO;REPARABLE;;21/2/2013;5,751;;;;
30;BNS-13000-0009-1;VENTILADOR DE PARED;;;;;2;GIMNASIO;DAÑADO;;;;;;;
31;BNS-20000-0029-1;AGARRE ANCHO ;;;;;1;GIMNASIO;OPERATIVO;;;;;;;
32;BNS-20000-0030-1;AGARRE CORTO;;;;;1;GIMNASIO;DAÑADO;¡DESAPARECIDA!;;;;;;
33;BNS-13000-0003-1;ESTANTE DE MADERA 5 TRAMO;;;;;2;GIMNASIO;OPERATIVO;;;;;;;
34;BNS-23000-0009-1;MESA DE VIDRIO;;;;;;LAVANDERIA;OPERATIVO;;;;;;;
35;BNS-15000-0003-1;ENFRIANDOR 3 TAPAS ;TECOVEN;;;GRIS;1;LAVANDERIA;OPERATIVO;;;;;;;
36;BNS-16000-0001-1;TERMO AMARILLO 38LTS;;;;AMARILLO;1;LAVANDERIA;OPERATIVO;;;;;;;
37;BNS-15000-0013-1;LAVADORA DE 12 KG;SENEVIEW;;LSA-12-SV-500;BLANCO Y AZUL ;1;LAVANDERIA;OPERATIVO;;14/2/2022;1,206,91;;;;
38;BNS-16000-0003-1;OLLA MEDIANA ;;;;NEGRO;3;LAVANDERIA;REPARABLE;;;;;;;
39;BNS-16000-0003-2;OLLA GRANDE;;;;NEGRO;1;LAVANDERIA;REPARABLE;;;;;;;
40;BNS-18000-0029-1;BATERIA FULGOR 1100 AMP;;;;NEGRO;2;LAVANDERIA;DAÑADO;;;;;;;
41;BNS-17000-0016-1;MESA DE MARMOL;;;;;12;TASCA;OPERATIVO;10 MESAS BUENAS Y 2 MALAS QUE ESTAN UBICADAS EN DEPOSITO ;;;;;;
42;BNS-15000-0019-1;DECODIFICADOR DE ANTENA ;SIMPLE TV;;;NEGRO;1;TASCA;OPERATIVO;;;;;;;
43;BNS-15000-0004-1;AIRE ACONDICIONADO 3T 241P;GREEN;MUB-366R;;BLANCO;1;TASCA;OPERATIVO;;;;;;;
44;BNS-17000-0017-1;PIZARRA PROYECTOR ;;;;BLANCO;1;TASCA;REPARABLE;;17/2/2011;1160,71;;;;
45;BNS-14000-0001-1;CUADRO DE MADERA REF. 4 CABALLOS;;;;;1;TASCA;OPERATIVO;;;;;;;
46;BNS-14000-0001-2;CUADRO DE MADERA REF. GARCEROS ;;;;;1;TASCA;OPERATIVO;;;;;;;
47;BNS-14000-0001-3;CUADRO DE MADERA REF. BODEGON BOTELLON, BARRIL Y UVAS;;;;;1;TASCA;OPERATIVO;;;;;;;
48;BNS-14000-0001-4;CUADRO DE MADERA REF. PESCADOR CON VACAS;;;;;1;TASCA;OPERATIVO;;;;;;;
49;BNS-14000-0001-5;CUADRO DE MADERA REF. MUJERES CON TINAJAS;;;;;1;TASCA;OPERATIVO;;;;;;;
50;BNS-15000-0002-1;CONGELADOR 1 TAPA 425 LTS;TECOVEN;;;;1;TASCA;OPERATIVO;;;;;;;
51;BNS-13000-0018-1;"TELEVISOR HD 32""";PHILIPS;328E3320L28;VA1B-072102765;;1;TASCA;OPERATIVO;;7/7/2011;8026,79;;;;
52;BNS-17000-0001-1;SILLLAS DE HIERRO PARA BARRA BAR;;;;;7;TASCA;OPERATIVO;;;;;;;
53;BNS-17000-0001-2;SILLA DE HIERRO PARA MESA BAR;;;;;48;TASCA;OPERATIVO;;;;;;;
54;BNS-14000-0001-6;CUADRO DE MADERA 5 HOMBRES EN CANTINA;;;;;1;TASCA;OPERATIVO;;;;;;;
55;BNS-15000-0001-1;NEVERA EXHIBIDORA 4 PTAS;WENCOLD;;;;1;TASCA;DAÑADO;;;;;;;
56;BNS-15000-0017-1;CAMPANA DE COCINA INDUSTRIAL ;;METAL;;;1;TASCA;DAÑADO;;13/3/2010;11741,88;;;;
57;BNS-15000-0006-1;COCINA INDUSTRIAL COLDELEC;;;;;1;TASCA;DAÑADO;;13/3/2010;2013,59;;;;
58;BNS-15000-0006-2;COCINA 06 HORNILLAS ;MASTOTORS CLICR;;;;1;TASCA;REPARABLE;;;;;;;
59;BNS-15000-0020-1;EXTRACTOR;;;;;1;TASCA;DAÑADO;;;;;;;
60;BNS-16000-0010-1;FREGADERO DE ACERO;NEVELARA;;;;1;TASCA;REPARABLE;;13/3/2010;9913,28;;;;
61;BNS-15000-0006-3;REVERBERO A GAS DOS HORNILLAS;;;;;1;TASCA;DAÑADO;;19/1/2012;550;;;;
62;BNS-16000-0011-1;JUEGO DE GAVINETE MADERA DE COCINA;;;;;1;TASCA;REPARABLE;;;;;;;
63;BNS-15000-0013-2;LAVADORA AUTOMATICA 16KG ;FRIGIDAI;;;;1;DEPOSITO BOLAS CRIOLLAS;DAÑADO;;4/6/2013;7,426;;;;
64;BNS-18000-0022-1;BOMBA DE AGUA DE 1HP;LEADER;;;;1;DEPOSITO BOLAS CRIOLLAS;DAÑADO;;;;;;;
65;BNS-18000-0023-1;BOMBA SUMERGIBLE ;TRUPER;;;AMARILLO;1;DEPOSITO BOLAS CRIOLLAS;DAÑADO;;;;;;;
66;BNS-18000-0023-2;BOMBA SUMERGIBLE ;OLYMPIC;;;AMARILLO;1;DEPOSITO BOLAS CRIOLLAS;DAÑADO;;;;;;;
67;BNS-13000-0020-1;ESTANTE METALICO DE 4 TRAMOS;;;;;1;DEPOSITO BOLAS CRIOLLAS;DAÑADO;;;;;;;
68;BNS-23000-0010-1;URINARIO ;;;;BLANCO ;1;DEPOSITO BOLAS CRIOLLAS;OPERATIVO;;;;;;;
69;BNS-18000-0004-1;ASPERJADORA MANUAL;;;;AZUL Y NEGRO ;1;DEPOSITO BOLAS CRIOLLAS;REPARABLE;;;;;;;
70;BNS-20000-0025-2;PESO ;CAX;;;GRIS;1;DEPOSITO BOLAS CRIOLLAS;DAÑADO;;;;;;;
71;BNS-25000-0001-1;PUERTA DE MADERA EMTAMBORADA ;;;;MARRON ;5;DEPOSITO BOLAS CRIOLLAS;OPERATIVO;;;;;;;
72;BNS-18000-0022-2;BOMBA DE AGUA DE 1HP;WECUR;;;AZUL;1;DEPOSITO BOLAS CRIOLLAS;DAÑADO;;;;;;;
73;BNS-17000-0001-3;SILLAS TUMBONAS DE PISCINA;;;;BLANCO;12;DEPOSITO BOLAS CRIOLLAS;DAÑADO;;16/8/2011;19,400,00;;;;
74;BNS-16000-0008-1;CAVA DE ALUMINIO;;;;GRIS Y AZUL;9;DEPOSITO ENTRADA;OPERATIVO;;;;;;;
75;BNS-17000-0003-1;MESAS CUADRADAS PATA FIJA;;;;;32;DEPOSITO ENTRADA;OPERATIVO;;;;;;;
76;BNS-17000-0003-2;MESAS CUADRADAS PATA DESMONTABLES;;;;;38;DEPOSITO ENTRADA;OPERATIVO;;;;;;;
77;BNS-17000-0018-1;MESONES;;;;;12;DEPOSITO ENTRADA;OPERATIVO;;;;;;;
78;BNS-17000-0002-1;MESAS REDONDAS PATA DESMONTABLES;;;;;43;DEPOSITO ENTRADA;OPERATIVO;;;;;;;
79;BNS-17000-0001-4;SILLAS TIFFANY;;;;;205;DEPOSITO ENTRADA;OPERATIVO;;;;;;;
80;BNS-17000-0001-5;SILLAS PLASTICAS CON BASE DE METAL;;;;;693;DEPOSITO ENTRADA;DAÑADO;;;;;;;
81;BNS-18000-0030-1;GUADAÑA ;LWA;;;;1;DEPOSITO PISCINA;DAÑADO;;25/2/2011;1717,4;;;;
82;BNS-18000-0030-2;GUADAÑA ;DOMOSA;;;;1;DEPOSITO PISCINA;OPERATIVO;;25/2/2011;1717,4;;;;
83;BNS-18000-0011-1;MAQUINA DE SOLDAR ;KAS;;;;1;DEPOSITO PISCINA;OPERATIVO;;;;;;;
84;BNS-18000-0008-1;ESMERIL ;TOTAL;;;;1;DEPOSITO PISCINA;OPERATIVO;;;;;;;
85;BNS-18000-0022-3;BOMBA DE AGUA 1HP;TODMAX;;;;1;DEPOSITO PISCINA;DAÑADO;;;;;;;
86;BNS-15000-0013-3;LAVADORA SILVER;;;;;1;DEPOSITO PISCINA;DAÑADO;;;;;;;
87;BNS-18000-0022-3;BOMBA DE AGUA 1HP;USA;;;;1;DEPOSITO PISCINA;DAÑADO;;10/7/2023;2,237,82;;;;
88;BNS-13000-0001-1;ESCRITORIO MODULAR;;;;;1;DEPOSITO PISCINA;REPARABLE;;17/1/2011;2498,4;;;;
89;BNS-18000-0004-2;BOMBA ASPEJADORA MOD SR420;;;;;1;DEPOSITO PISCINA;OPERATIVO;;;;;;;
90;BNS-18000-0022-4;BOMBA DE AGUA PISCINA;ASTRAPOOL;;;;1;DEPOSITO PISCINA;DAÑADO;;;;;;;
91;BNS-17000-0011-1;PARABAN;;;;;1;DEPOSITO PISCINA;REPARABLE;;;;;;;
92;BNS-18000-0022-5;BOMBA DE AGUA;TOOLMAX;;;;1;DEPOSITO PISCINA;DAÑADO;;;;;;;
93;BNS-18000-0031-1;COMPRESOR DE AIRE 50LTS;CERMEC;;;;1;DEPOSITO DE CASA;OPERATIVO;;;;;;;
94;BNS-15000-0021-1;DISPENSADOR DE AGUA;ADMIRAL;;;;1;DEPOSITO DE CASA;DAÑADO;;;;;;;
95;BNS-17000-0019-1;MESA DE DOMINO ;;;;;3;DEPOSITO DE CASA;REPARABLE;;;;;;;
96;BNS-23000-0011-1;CEPILLO DE PISCINA;;;;;1;PISCINA;REPARABLE;;;;;;;
97;BNS-17000-0001-6;SILLA DE HIERRO DOBLE ASIENTO;;;;;1;PISCINA;OPERATIVO;;;;;;;
98;BNS-17000-0001-7;SILLA DE HIERRO INDIVIDUAL;;;;;2;PISCINA;OPERATIVO;;;;;;;
99;BNS-17000-0001-8;SILLAS PEQUEÑAS;;;;ROJO;13;CASA;OPERATIVO;11 OPERATIVAS, 1 DAÑADA, 1 DESAPARECIDA;;;;;;
100;BNS-17000-0020-1;ESTANTE DE BOLAS CRIOLLAS;;;;;1;CASA;OPERATIVO;;;;;;;
101;BNS-19000-0002-1;JUEGO DE BOLAS CRIOLLAS;;;;;2;CASA;REPARABLE;1 SET DE JUEGO OPERATIVO Y OTRO DAÑADO;;;;;;
102;BNS-18000-0003-1;ANDAMIO 3 CUERPO;;;;;1;CASA;OPERATIVO;;;;;;;
103;BNS-18000-0007-1;ESCALERA MEDIANA;;;;;1;CASA;OPERATIVO;;;;;;;
104;BNS-17000-0009-1;INFLABLE BRINCA BRINCA CON MOTOR;;;;;1;DEPOSITO CASA;REPARABLE;INFLABLE OPERATIVO ;;;;;;
105;BNS-15000-0022-1;AMPLIFICADOR ;WEIWEI;;;;1;CASA;DAÑADO;;11/7/2011;1850;;;;
106;BNS-17000-0007-1;MEZCLADOR DVD ;AMERICAN AUDIO;;;;1;CASA;DAÑADO;;;;;;;
107;BNS-13000-0010-1;LAMPARAS SOLARES ;JFU LIGHTING;;;;2;CASA;OPERATIVO;;;;;;;
108;BNS-15000-0005-1;MICROONDAS ;SAMSUNG ;;;BLANCO;1;COCINA;DAÑADO;;13/11/2014;12,740,51;;;;
109;BNS-15000-0008-1;CAFETERA ;CUISINART ;;;NEGRO;1;COCINA;DAÑADO;;;;;;;
110;BNS-16000-0001-1;TERMO DE CAFÉ;;;;PLATEADO;1;;REPARABLE;"SE TRASLADO AL FONDO ""OFICINA""";;;;;;
111;BNS-15000-0006-4;COCINA A GAS 4 HORNILLAS ;LUFERCA;;;BLANCO;1;COCINA;OPERATIVO;;;;;;;
112;BNS-15000-0006-5;COCINA ELECTRICA 2 HORNILLAS ;HACEN;;;;1;COCINA;OPERATIVO;;10/10/2022;574;;;;
113;BNS-15000-0001-2;NEVERA 2 PUERTAS;DAEWOO;;;BLANCO;1;COCINA;OPERATIVO;;;;;;;
114;BNS-16000-0011-2;JUEGO DE GAVINETES INFERIORES;;;;;1;COCINA;REPARABLE;;;;;;;
115;BNS-16000-0011-3;JUEGO DE GAVINETES SUPERIORES ;;;;;1;COCINA;REPARABLE;;;;;;;
116;BNS-14000-0001-7;CUADRO DECORATIVO BODEGON ;;;;;1;COCINA;OPERATIVO;;;;;;;
117;BNS-13000-0021-1;PIZARRA ACRILICA;;;;;1;COCINA;OPERATIVO;;;;;;;
118;BNS-13000-0019-2;VENTILADOR DE TECHO;;;;;1;COCINA;DAÑADO;;;;;;;
119;BNS-13000-0021-2;PIZARRA ACRILICA DE 0,65CM X 100CM;;;;;1;COCINA;REPARABLE;;;;;;;
120;BNS-13000-0006-1;CARTELERA CON BORDES DE MADERA;;;;;1;SALA;OPERATIVO;;;;;;;
121;BNS-14000-0001-8;CUADRO DECORATIVO ;;;;;1;SALA;OPERATIVO;;;;;;;
122;BNS-14000-0001-9;CUADRO DECORATIVO ;;;;;1;SALA;OPERATIVO;;;;;;;
123;BNS-14000-0001-10;CUADRO DECORATIVO ZAMORA ;;;;;1;SALA;OPERATIVO;;;;;;;
124;BNS-13000-0001-2;MESA DE MADERA PEGABLE;;;;;1;SALA;OPERATIVO;;;;;;;
125;BNS-21000-0001-1;PIANO DE MADERA;;;;;1;SALA;REPARABLE;;;;;;;
126;BNS-13000-0001-3;MESA REDONDA FORMICA;;;;BEIGE;1;SALA;REPARABLE;;;;;;;
127;BNS-13000-0002-1;SILLAS ;;;;NEGRO Y MOSTAZA;2;SALA;REPARABLE;;;;;;;
128;BNS-14000-0001-11;CUADRO DECORATIVO CON BORDES DE MADERA;;;;;1;SALA;OPERATIVO;;;;;;;
129;BNS-13000-0004-1;GAVETERO DOS PUERTAS DE MADERA;;;;;1;SALA;OPERATIVO;;;;;;;
130;BNS-13000-0015-1;JUEGO DE MUEBLES;;;;;1;SALA;REPARABLE;;;;;;;
131;BNS-15000-0004-2;AIRE ACONDICIONADO 3T ;ECOX;;;BLANCO;1;SALA;DAÑADO;;;;;;;
132;BNS-14000-0002-1;MASCARA DE BUDA EN MADERA TALLADA PQÑA;;;;MARRON ;1;SALA;OPERATIVO;;;;;;;
133;BNS-14000-0001-12;CUADRO FLORAL TALLADO EN MADERA ;;;;DORADO;1;SALA;OPERATIVO;;;;;;;
134;BNS-14000-0002-2;ESCULTURA DE JIRAFAS;;;;;2;SALA;OPERATIVO;;;;;;;
135;BNS-14000-0002-3;ESCULTURAS DE MUJERES EN MADERA DIFERENTE TAMAÑO;;;;;3;SALA;OPERATIVO;;;;;;;
136;BNS-14000-0002-4;MASCARA DE BUDA EN MADERA TALLADA GRANDE;;;;;1;SALA;OPERATIVO;;;;;;;
137;BNS-13000-0002-2;SILLA DE MARMOL PARA PIANO ;;;;MARRON ;1;SALA DE ESTAR;REPARABLE;;;;;;;
138;BNS-13000-0001-4;MESA DE COMPUTADORA ;;;;NEGRO;1;SALA DE ESTAR;OPERATIVO;;;;;;;
139;BNS-13000-0021-3;PIZARRA ACRILICA;;;;;1;SALA DE ESTAR;OPERATIVO;;;;;;;
140;BNS-11000-0012-1;DVD ;PARKER;;;;1;SALA DE ESTAR;DAÑADO;;;;;;;
141;BNS-13000-0015-2;PUFF ;;;;ROJO;1;SALA DE ESTAR;DAÑADO;;;;;;;
142;BNS-15000-0023-1;CORNETA;GT SERIES;;;NEGRO;1;SALA DE ESTAR;DAÑADO;;;;;;;
143;BNS-15000-0024-1;CONSOLA DE SONIDO ;;;;;1;SALA DE ESTAR;REPARABLE;;;;;;;
144;BNS-13000-0018-2;"TELEVISOR 50""";PANASONIC;;;;1;OFICINA;DAÑADO;;;;;;;
145;BNS-11000-0002-1;CASE DE CPU ;;;;;1;OFICINA;DAÑADO;DESINCORPORAR;;;;;;
146;BNS-13000-0003-2;ESTANTE DE MADERA CUATRO PUERTAS;;;;;1;OFICINA;OPERATIVO;;;;;;;
147;BNS-13000-0001-5;ESCRITORIO DE MADERA DE DOS GAVETAS;;;;;1;OFICINA;OPERATIVO;;17/1/2011;3230,51;;;;
148;BNS-13000-0002-3;SILLA DE ESCRITORIO ;;;;AZUL;2;OFICINA;REPARABLE;1 SILLA OPERATIVA Y 1 SILLA DAÑADA;17/1/2011;1006;;;;
149;BNS-13000-0002-4;SILLA EJECUTIVA;;;;NEGRO;1;OFICINA;DAÑADO;;17/1/2011;1006;;;;
150;BNS-11000-0004-1;IMPRESORA MULTIFUNCIONAL ;HP;;;;1;OFICINA;DAÑADO;DESINCORPORAR;;;;;;
151;BNS-15000-0023-2;CORNETA DE SONIDO;;;;;1;OFICINA;DAÑADO;;;;;;;
152;BNS-15000-0023-3;CORNETA DE SONIDO BAJO;;;;;1;OFICINA;DAÑADO;;;;;;;
153;BNS-15000-0023-4;CORNETA RCF;;;;;2;OFICINA;REPARABLE;;;;;;;
154;BNS-11000-0014-1;DVR;;;;;1;OFICINA;OPERATIVO;SE REMPLAZO EL DAÑADO POR UNO NUEVO;;;;;;
155;BNS-24000-0002-1;EXTINTOR ;FIVELINE;;;;1;OFICINA;REPARABLE;;;;;;;
156;BNS-17000-0021-1;ATRIL DE MICROFONO;;;;NEGRO;1;OFICINA;OPERATIVO;;;;;;;
157;BNS-17000-0021-2;ATRIL DE CORNETA;;;;NEGRO;2;OFICINA;REPARABLE;;;;;;;
158;BNS-15000-0004-3;AIRE ACONDICIONADO SPLIT 18 BTU;;;;BLANCO;1;OFICINA;DAÑADO;;15/11/2011;6250;;;;
159;BNS-15000-0023-5;CORNETA KINISIO QS-806;;;;;1;OFICINA;DAÑADO;;16/11/2022;678;;;;
160;BNS-11000-0013-1;FUENTE DE PODER;;;;;1;OFICINA;OPERATIVO;SE REPARO;;;;;;
161;BNS-11000-0002-2;MONITOR ;LG;;;;1;OFICINA;OPERATIVO;;;;;;;
162;BNS-11000-0002-3;TECLADO ;;;;NEGRO;1;OFICINA;REPARABLE;;9/12/2014;669,64;;;;
163;BNS-15000-0011-1;PLANTA DE 3,3 KVA;DOMOSA;;;AZUL Y NEGRO ;1;OFICINA;OPERATIVO;;;;;;;
164;BNS-13000-0018-3;"TELEVISOR 58""";SIRAGON;;;NEGRO;1;OFICINA;OPERATIVO;;28-jun;19,307,93;;;;
165;BNS-15000-0004-4;AIRE ACONDICIONADO SPLIT 12BTU;GPLUS;;;BLANCO;1;OFICINA;OPERATIVO;;3/4/2024;9,070,00;;;;
166;BNS-21000-0002-1;MICROFONO;;;;NEGRO;1;OFICINA;DAÑADO;¡DESAPARECIDA!;;;;;;
167;BNS-20000-0024-2;ESPEJO CON MARCO DE MADERA;;;;;1;PASILLO;OPERATIVO;;;;;;;
168;BNS-13000-0001-6;MESA DE MADERA PARA REUNIONES ;;;;;1;CUARTO DE MANTELERIA;OPERATIVO;;;;;;;
169;BNS-13000-0001-7;MESA PEGABLE DE MADERA;;;;;1;CUARTO DE MANTELERIA;REPARABLE;;;;;;;
170;BNS-13000-0004-2;GAVETERO DE MADERA DE 4 GAVETAS;;;;;1;CUARTO DE MANTELERIA;OPERATIVO;;17/1/2011;2056,36;;;;
171;BNS-15000-0004-5;AIRE ACONDICIONADO 18 BTU DE VENTANA;ADMIRAL;;;;1;CUARTO DE MANTELERIA;OPERATIVO;;7/7/2011;1901,79;;;;
172;BNS-14000-0001-13;CUADRO DECORATIVO DE UNELLEZ;;;;;1;CUARTO DE MANTELERIA;OPERATIVO;;;;;;;
173;BNS-14000-0001-14;CUADRO DECORATIVO DE LEGEND OF THE FALL;;;;;1;CUARTO DE MANTELERIA;OPERATIVO;;;;;;;
174;BNS-13000-0018-4;"TELEVISOR 50"" PLASMA ";PANASONIC;;;;1;CUARTO DE MANTELERIA;DAÑADO;;;;;;;
175;BNS-20000-0023-2;COLCHON INDIVIDUAL;;;;;3;CUARTO DE MANTELERIA;DAÑADO;;;;;;;
176;BNS-14000-0001-15;CUADRO DECORATIVO DE FLORAL PEQUEÑO;;;;;1;ANTESALA ;OPERATIVO;;;;;;;
177;BNS-14000-0001-16;CUADRO DECORATIVO DE 25 AÑOS DE LA UNELLEZ;;;;;1;ANTESALA ;OPERATIVO;;;;;;;
178;BNS-14000-0001-17;CUADRO DECORATIVO TALLADO EN MADERA ;;;;DORADO;1;ANTESALA ;OPERATIVO;;;;;;;
179;BNS-13000-0018-5;TELEVISOR CULON;;;;GRIS;1;ANTESALA ;DAÑADO;;;;;;;
180;BNS-15000-0011-2;PLANTA DE 183,8 KVA;DOMOSA;;;;1;EXTERIOR ;DAÑADO;;;;;;;
181;BNS-15000-0010-1;FILTROS DE AGUA INDUSTRIAL;;;;;2;EXTERIOR ;OPERATIVO;;17/1/2011;20116;;;;
182;BNS-18000-0016-1;PULMON HIDRONEUMATICO;;;;;1;EXTERIOR ;OPERATIVO;;;;;;;
183;BNS-25000-0002-1;TANQUE DE AGUA ELEVADO;;;;;1;EXTERIOR ;OPERATIVO;;21/9/2011;892,86;;;;
184;BNS-17000-0022-1;PARRILLERAS DE HIERRO;;;;;7;EXTERIOR ;OPERATIVO;;;;;;;
185;BNS-18000-0022-6;BOMBA DE AGUA 2HP;DOMOSA;;;AZUL;1;EXTERIOR ;OPERATIVO;;26/4/2012;1723,21;;;;
186;BNS-18000-0022-7;BOMBA DE AGUA 2HP;;;;;1;SALA DE MAQUINAS;OPERATIVO;;21/1/2011;1250;;;;
187;BNS-20000-0024-3;ESPEJOS RECTANGULARES;;;;;2;BAÑO DEL ESCENARIO;OPERATIVO;;;;;;;
188;BNS-20000-0024-4;ESPEJOS RECTANGULARES;;;;;2;VESTIDORES ESCENARIO;OPERATIVO;;;;;;;
189;BNS-15000-0004-6;AIRE ACONDICIONADO ;FRIGILUX;;;;2;ESCENARIO;DAÑADO;;;;;;;
190;BNS-13000-0022-1;BOX INDIVIDUAL;;;;BEIGE;1;CUARTO 1;REPARABLE;;;;;;;
191;BNS-13000-0022-2;BOX INDIVIDUAL ;;;;NEGRO;1;CUARTO 1;REPARABLE;;;;;;;
192;BNS-13000-0022-3;BOX INDIVIDUAL;;;;AZUL Y NEGRO ;1;CUARTO 1;REPARABLE;;;;;;;
193;BNS-13000-0022-4;BOX INDIVIDUAL CON FIGURAS;;;;AZUL ;1;CUARTO 1;REPARABLE;;;;;;;
194;BNS-13000-0022-5;BOX INDIVIDUAL CON FLORES AZULES;;;;NARANJA;1;CUARTO 1;REPARABLE;;;;;;;
195;BNS-15000-0004-7;AIRE ACONDICIONADO DE 18BTU;ADMIRAL;;;BLANCO;1;CUARTO 1;DAÑADO;;;;;;;
196;BNS-20000-0023-3;COLCHON INDIVIDUAL;;;;;1;CUARTO 1;DAÑADO;;;;;;;
197;BNS-13000-0022-6;BOX INDIVIDUAL;;;;ROJO;2;CUARTO 2;REPARABLE;;;;;;;
198;BNS-13000-0022-7;BOX INDIVIDUAL;;;;AZUL CIELO;1;CUARTO 2;REPARABLE;;;;;;;
199;BNS-20000-0023-4;COLCHON INDIVIDUAL;;;;;3;CUARTO 2;REPARABLE;;;;;;;
200;BNS-24000-0005-1;WALKIE TAKIE;;;;NEGRO;4;OFICINA;OPERATIVO;;;;;;;
201;BNS-15000-0004-8;AIRE ACONDICIONADO 18BTU;ADMIRAL;;;;1;CUARTO 2;OPERATIVO;;;;;;;
202;BNS-13000-0001-8;MESA DE NOCHE DE 3 GAVETAS;;;;;1;CUARTO 2;OPERATIVO;;;;;;;
203;BNS-14000-0002-5;ESCULTURA DECORATIVA DE TOTEM;;;;MARRON ;1;SALA ;OPERATIVO;;;;;;;
204;BNS-1400-002-6;ESCULTURA DECORATIVA DE PALOS DE BAMBU;;;;CAFÉ CLARO;1;SALA;OPERATIVO;;;;;;;
205;BNS-1600-0011-1;BARRIL PARA ASAR CARNE ;;;;PLATEADO;1;FOGON ;OPERATIVO;;;;;;;
206;BNS-14000-0005-1;ARBOL DE NAVIDAD;;;;VERDE;1;TASCA;OPERATIVO;;;;;;;
207;BNS-19000-0001-1;JUEGO DE DOMINO;;;;;1;DEPOSITO;;;3/5/2024;293,02;;;;
208;BNS-24000-0005-1;CAMARAS DE SEGURIDAD ;TAPO;;;;1;OFICINA;OPERATIVO;;21/2/2024;2,111,20;;;;
209;BNS-15000-0004-2;AIRE ACONDICIONADO DE 3T 24IP 52KG;GREEN;MUB-366R;;BLANCO;1;TASCA;;;;;;;;
210;BNS-15000-0004-3;AIRE ACONDICIONADO DE 5T 24IP 52KG;GREEN;MUB-606R;;BLANCO;1;TASCA;;;;;;;;
211;BNS-24000-0005-2;CAMARAS DE SEGURIDAD ;HIKVISION;;;;1;GIMNASIO;;;;;;;;
212;BNS-24000-0005-3;CAMARAS DE SEGURIDAD ;HIKVISION;;;;1;GIMNASIO;;;;;;;;
213;BNS-24000-0005-4;CAMARAS DE SEGURIDAD ;HIKVISION;;;;1;GIMNASIO;;;;;;;;
214;BNS-17000-0009-2;INFLABLE BRINCA BRINCA CON MOTOR;;;;;1;DEPOSITO CASA;DAÑADO;;;;;;;
215;BNS-14000-0000-12;REPISA DE MADERA ;;;;;1;BAÑO DE SALA;;;;;;;;
216;BNS-16000-0003-3;BANDEJA;;;;;1;AREA DEL FOGON;;;;;;;;
217;BNS-16000-0003-4;COLADORES GRANDES;;;;;1;AREA DEL FOGON;;;;;;;;
218;BNS-16000-0003-5;COLADORES GRANDES;;;;;1;AREA DEL FOGON;;;;;;;;
219;BNS-16000-0003-6;BANDEJA CUADRADA;;;;;1;AREA DEL FOGON;;;;;;;;
220;BNS-16000-0003-7;BANDEJA CUADRADA;;;;;1;AREA DEL FOGON;;;;;;;;
221;BNS-16000-0003-8;TORTERA;;;;;1;AREA DEL FOGON;;;;;;;;
222;BNS-16000-0003-9;CALDERO GRANDE;;;;;1;AREA DEL FOGON;;;;;;;;
223;BNS-24000-0005-5;CAMARAS DE SEGURIDAD ;HIKVISION;;;;1;GIMNASIO;;;;;;;;
224;BNS-13000-0009-3;VENTILADOR;EEYNOWA;;;;1;GIMNASIO;;;;;;;;
225;BNS-15000-0018-1;CALENTADOR ;;;;;1;GIMNASIO;;;;;;;;
226;BNS-13000-0023-1;MESA DE MADERA CON RUEDAS REGTANGULAR;;;;;1;GIMNASIO;;;;;;;;
227;BNS-16000-0008-33;CAVA PLASTICA;;;;;1;CANCHA;;;;;;;;
228;BNS-11000-0008-1;UPS;;;;;1;OFICINA;;;;;;;;
229;BNS-11000-0007-1;ROUTER ;COYCOROW;;;;1;OFICINA;;;;;;;;
231;BNS-11000-0007-1;ROUTER ;DECO;;;;1;CORREDOR LAVANDERIA;;;;;;;;
232;BNS-11000-0015-1;RADIO;NORCO;BAOFEN6;;;1;CORREDOR LAVANDERIA;;;;;;;;
233;BNS-23000-0002-1;INODORO BAÑO DE DAMAS;;;;;2;AREA DE CANCHA Y TASCA;;;;;;;;
234;BNS-23000-0001-1;LAVAMANOS BAÑIO DE DAMAS;;;;;2;AREA DE CANCHA Y TASCA;;;;;;;;
235;BNS-23000-0012-1;PUERTAS BAÑO DE DAMAS;;;;;2;AREA DE CANCHA Y TASCA;;;;;;;;
236;BNS-23000-0013-1;DUCHAS CON PUERTAS;;;;;3;;;;;;;;;
237;BNS-14000-0003-1;ESPEJO BAÑO DE DAMA;;;;;1;AREA DE CANCHA Y TASCA;;;;;;;;
238;BNS-23000-0007-1;DISPENSADOR DE PAPEL DAMAS;;;;;2;AREA CANCHA Y TASCA;;;;;;;;
239;BNS-23000-0001-2;LAVAMANOS CABALLEROS ;;;;;2;AREA DE CANCHA Y TASCA;;;;;;;;
240;BNS-23000-0002-2;INODOROS BAÑO DE CABALLEROS;;;;;2;AREA DE CANCHA Y TASCA;;;;;;;;
241;BNS-23000-0007-2;DISPENSADOR DE PAPEL CABALLEROS;;;;;2;AREA CANCHA Y TASCA;;;;;;;;
242;BNS-14000-0003-2;ESPEJO CABALLEROS;;;;;1;AREA CANCHA Y TASCA;;;;;;;;
243;BNS-23000-0002-3;INODORO;;;;;1;BAÑO DE LA SALA ;;;;;;;;
244;BNS-23000-0001-3;LAVAMANOS ;;;;;1;BAÑO DE LA SALA ;;;;;;;;
245;BNS-23000-0007-3;DISPENSADOR ;;;;;1;BAÑO DE LA SALA ;;;;;;;;
246;BNS-23000-0002-4;INODORO ;;;;;1;BAÑO DE CUARTO DE MANTELERIA;;;;;;;;
247;BNS-23000-0001-4;LAVAMANOS ;;;;;1;BAÑO DE CUARTO DE MANTELERIA;;;;;;;;
248;BNS-23000-0014-1;BAÑERA DE CERAMICA ;;;;;1;BAÑO DE CUARTO DE MANTELERIA;;;;;;;;
249;BNS-24000-0005-6;CAMARAS DE SEGURIDAD ;HIKVISION;;;;1;COCINA;;;;;;;;
250;BNS-24000-0005-7;CAMARAS DE SEGURIDAD ;HIKVISION;;;;1;SALA PRINCIPAL;;;;;;;;
251;BNS-24000-0005-8;CAMARAS DE SEGURIDAD ;HIKVISION;;;;1;PASILLO DE ENTRADA ;;;;;;;;
252;BNS-24000-0005-9;CAMARAS DE SEGURIDAD ;HIKVISION;;;;1;LAVANDERIA;;;;;;;;
253;BNS-24000-0005-10;CAMARAS DE SEGURIDAD ;HIKVISION;;;;1;PISCINA;;;;;;;;
254;BNS-24000-0005-11;CAMARAS DE SEGURIDAD ;HIKVISION;;;;1;PARQUE;;;;;;;;
255;BNS-24000-0005-12;CAMARAS DE SEGURIDAD ;HIKVISION;;;;2;ESCENARIO;;;;;;;;
256;BNS-24000-0005-13;CAMARAS DE SEGURIDAD ;HIKVISION;;;;3;ALREDEDOR DE LA CASA ;;;;;;;;
;;;;;;;;;;;;;;;;
;;;;;;;;;;;;;;;;
